<?xml version="1.0" encoding="UTF-8"?>
<beans xmlns="http://www.springframework.org/schema/beans" 
	xmlns:xsi="http://www.w3.org/2001/XMLSchema-instance"
	xmlns:context="http://www.springframework.org/schema/context" 
	xmlns:jdbc="http://www.springframework.org/schema/jdbc"  
	xmlns:jee="http://www.springframework.org/schema/jee" 
	xmlns:tx="http://www.springframework.org/schema/tx"
	xmlns:aop="http://www.springframework.org/schema/aop" 
	xmlns:mvc="http://www.springframework.org/schema/mvc"
	xmlns:util="http://www.springframework.org/schema/util"
	xmlns:jpa="http://www.springframework.org/schema/data/jpa"
	xsi:schemaLocation="
		http://www.springframework.org/schema/beans http://www.springframework.org/schema/beans/spring-beans-3.2.xsd
		http://www.springframework.org/schema/context http://www.springframework.org/schema/context/spring-context-3.2.xsd
		http://www.springframework.org/schema/jdbc http://www.springframework.org/schema/jdbc/spring-jdbc-3.2.xsd
		http://www.springframework.org/schema/jee http://www.springframework.org/schema/jee/spring-jee-3.2.xsd
		http://www.springframework.org/schema/tx http://www.springframework.org/schema/tx/spring-tx-3.2.xsd
		http://www.springframework.org/schema/data/jpa http://www.springframework.org/schema/data/jpa/spring-jpa-1.3.xsd
		http://www.springframework.org/schema/aop http://www.springframework.org/schema/aop/spring-aop-3.2.xsd
		http://www.springframework.org/schema/mvc http://www.springframework.org/schema/mvc/spring-mvc-3.2.xsd
		http://www.springframework.org/schema/util http://www.springframework.org/schema/util/spring-util-3.2.xsd">
		
		<!-- 扫描业务层 -->
		<context:component-scan 
			base-package="cn.tedu.ssm.service"/>

		<!-- 配置jdbc.properties -->
		<util:properties id="jdbc" 
			location="classpath:jdbc.properties"/>
			
		<!-- 配置数据库的连接池 -->
		
		<bean id="dataSource" 
		class="org.apache.commons.dbcp.BasicDataSource">
			<property name="driverClassName" 
				       value="#{jdbc.driver}"/>
			<property name="url" value="#{jdbc.url}"/>
			<property name="username" value="#{jdbc.username}"/>
			<property name="password" value="#{jdbc.password}"></property>
			<property name="initialSize" value="#{jdbc.initSize}"></property>
			<property name="maxActive" value="#{jdbc.maxSize}"></property>
		</bean>
		
		<!-- spring和mybatis整合 -->
		<!-- SqlSessionFactoryBean实例化sessionFactory
			  dataSource依赖注入数据源
			  mapperLocations配置映射文件的位置
		 -->
		<bean id="factoryBean" 
			class="org.mybatis.spring.SqlSessionFactoryBean">
			<property name="dataSource" ref="dataSource"/>	
			<property name="mapperLocations" 
						 value="classpath:mappers/*.xml"/>
		</bean>
		<!-- MapperScannerConfigurer 定义持久层接口的包名 -->
		<bean id="scannerConfigurer" 
			class="org.mybatis.spring.mapper.MapperScannerConfigurer">
			<property name="basePackage" 
						 value="cn.tedu.ssm.mapper"/>
		</bean>
		
</beans>








