<?xml version="1.0" encoding="UTF-8"?>
<beans xmlns="http://www.springframework.org/schema/beans" 
	xmlns:xsi="http://www.w3.org/2001/XMLSchema-instance"
	xmlns:context="http://www.springframework.org/schema/context" 
	xmlns:jdbc="http://www.springframework.org/schema/jdbc"  
	xmlns:jee="http://www.springframework.org/schema/jee" 
	xmlns:tx="http://www.springframework.org/schema/tx"
	xmlns:aop="http://www.springframework.org/schema/aop" 
	xmlns:mvc="http://www.springframework.org/schema/mvc"
	xmlns:util="http://www.springframework.org/schema/util"
	xmlns:jpa="http://www.springframework.org/schema/data/jpa"
	xsi:schemaLocation="
		http://www.springframework.org/schema/beans http://www.springframework.org/schema/beans/spring-beans-3.2.xsd
		http://www.springframework.org/schema/context http://www.springframework.org/schema/context/spring-context-3.2.xsd
		http://www.springframework.org/schema/jdbc http://www.springframework.org/schema/jdbc/spring-jdbc-3.2.xsd
		http://www.springframework.org/schema/jee http://www.springframework.org/schema/jee/spring-jee-3.2.xsd
		http://www.springframework.org/schema/tx http://www.springframework.org/schema/tx/spring-tx-3.2.xsd
		http://www.springframework.org/schema/data/jpa http://www.springframework.org/schema/data/jpa/spring-jpa-1.3.xsd
		http://www.springframework.org/schema/aop http://www.springframework.org/schema/aop/spring-aop-3.2.xsd
		http://www.springframework.org/schema/mvc http://www.springframework.org/schema/mvc/spring-mvc-3.2.xsd
		http://www.springframework.org/schema/util http://www.springframework.org/schema/util/spring-util-3.2.xsd">

	<!-- annotation:注解, driven: 驱动的 -->
	<mvc:annotation-driven>
		<mvc:message-converters>
			<!-- 修改controller响应字符串的中文编码格式 -->
			<bean id="messageConverter" 
			class="org.springframework.http.converter.StringHttpMessageConverter">
			
				<constructor-arg index="0" 
									  value="utf-8"/>
				
			</bean>
		</mvc:message-converters>
	</mvc:annotation-driven>
	<!-- 视图解析器 -->
	<bean id="jspViewResolver" 
		class="org.springframework.web.servlet.view.InternalResourceViewResolver">
		<property name="prefix" 
			value="/web/"/><!-- 删除 jsp/ -->
		<property name="suffix" 
			value=".jsp"/>
	</bean>
	
	<context:component-scan 
		base-package="cn.tedu.ajax.controller"/>
	
	
				
</beans>








